,,30,100.0,False,True,14,05/12/2026 12:00:00,05/12/2026 16:00:00												
								Logo				
				Models	Clean	Upper		Veolia	Endel	Zeborne	ADP	
				108	108	108	,Logo 108,,30,100.0,False,True,14,05/12/2026 12:00:00,05/12/2026 16:00:00	,Logo Veolia 108,,30,100.0,False,True,14,05/12/2026 12:00:00,05/12/2026 16:00:00	,Logo Endel 108,,30,100.0,False,True,14,05/12/2026 12:00:00,05/12/2026 16:00:00	,Logo Zeborne 108,,30,100.0,False,True,14,05/12/2026 12:00:00,05/12/2026 16:00:00	,Logo ADP 108,,30,100.0,False,True,14,05/12/2026 12:00:00,05/12/2026 16:00:00	
				2008	2008	2008	,Logo 2008,,30,100.0,False,True,14,05/12/2026 12:00:00,05/12/2026 16:00:00	,Logo Veolia 2008,,30,100.0,False,True,14,05/12/2026 12:00:00,05/12/2026 16:00:00	,Logo Endel 2008,,30,100.0,False,True,14,05/12/2026 12:00:00,05/12/2026 16:00:00	,Logo Zeborne 2008,,30,100.0,False,True,14,05/12/2026 12:00:00,05/12/2026 16:00:00	,Logo ADP 2008,,30,100.0,False,True,14,05/12/2026 12:00:00,05/12/2026 16:00:00	
				2008 HYBRID	2008 HYBRID	2008 HYBRID	,Logo 2008 HYBRID,,30,100.0,False,True,14,05/12/2026 12:00:00,05/12/2026 16:00:00	,Logo Veolia 2008 HYBRID,,30,100.0,False,True,14,05/12/2026 12:00:00,05/12/2026 16:00:00	,Logo Endel 2008 HYBRID,,30,100.0,False,True,14,05/12/2026 12:00:00,05/12/2026 16:00:00	,Logo Zeborne 2008 HYBRID,,30,100.0,False,True,14,05/12/2026 12:00:00,05/12/2026 16:00:00	,Logo ADP 2008 HYBRID,,30,100.0,False,True,14,05/12/2026 12:00:00,05/12/2026 16:00:00	
				208	208	208	,Logo 208,,30,100.0,False,True,14,05/12/2026 12:00:00,05/12/2026 16:00:00	,Logo Veolia 208,,30,100.0,False,True,14,05/12/2026 12:00:00,05/12/2026 16:00:00	,Logo Endel 208,,30,100.0,False,True,14,05/12/2026 12:00:00,05/12/2026 16:00:00	,Logo Zeborne 208,,30,100.0,False,True,14,05/12/2026 12:00:00,05/12/2026 16:00:00	,Logo ADP 208,,30,100.0,False,True,14,05/12/2026 12:00:00,05/12/2026 16:00:00	
				208 HYBRID	208 HYBRID	208 HYBRID	,Logo 208 HYBRID,,30,100.0,False,True,14,05/12/2026 12:00:00,05/12/2026 16:00:00	,Logo Veolia 208 HYBRID,,30,100.0,False,True,14,05/12/2026 12:00:00,05/12/2026 16:00:00	,Logo Endel 208 HYBRID,,30,100.0,False,True,14,05/12/2026 12:00:00,05/12/2026 16:00:00	,Logo Zeborne 208 HYBRID,,30,100.0,False,True,14,05/12/2026 12:00:00,05/12/2026 16:00:00	,Logo ADP 208 HYBRID,,30,100.0,False,True,14,05/12/2026 12:00:00,05/12/2026 16:00:00	
				3008	3008	3008	,Logo 3008,,30,100.0,False,True,14,05/12/2026 12:00:00,05/12/2026 16:00:00	,Logo Veolia 3008,,30,100.0,False,True,14,05/12/2026 12:00:00,05/12/2026 16:00:00	,Logo Endel 3008,,30,100.0,False,True,14,05/12/2026 12:00:00,05/12/2026 16:00:00	,Logo Zeborne 3008,,30,100.0,False,True,14,05/12/2026 12:00:00,05/12/2026 16:00:00	,Logo ADP 3008,,30,100.0,False,True,14,05/12/2026 12:00:00,05/12/2026 16:00:00	
				3008 HYBRID	3008 HYBRID	3008 HYBRID	,Logo 3008 HYBRID,,30,100.0,False,True,14,05/12/2026 12:00:00,05/12/2026 16:00:00	,Logo Veolia 3008 HYBRID,,30,100.0,False,True,14,05/12/2026 12:00:00,05/12/2026 16:00:00	,Logo Endel 3008 HYBRID,,30,100.0,False,True,14,05/12/2026 12:00:00,05/12/2026 16:00:00	,Logo Zeborne 3008 HYBRID,,30,100.0,False,True,14,05/12/2026 12:00:00,05/12/2026 16:00:00	,Logo ADP 3008 HYBRID,,30,100.0,False,True,14,05/12/2026 12:00:00,05/12/2026 16:00:00	
				308	308	308	,Logo 308,,30,100.0,False,True,14,05/12/2026 12:00:00,05/12/2026 16:00:00	,Logo Veolia 308,,30,100.0,False,True,14,05/12/2026 12:00:00,05/12/2026 16:00:00	,Logo Endel 308,,30,100.0,False,True,14,05/12/2026 12:00:00,05/12/2026 16:00:00	,Logo Zeborne 308,,30,100.0,False,True,14,05/12/2026 12:00:00,05/12/2026 16:00:00	,Logo ADP 308,,30,100.0,False,True,14,05/12/2026 12:00:00,05/12/2026 16:00:00	
				308 SW	308 SW	308 SW	,Logo 308 SW,,30,100.0,False,True,14,05/12/2026 12:00:00,05/12/2026 16:00:00	,Logo Veolia 308 SW,,30,100.0,False,True,14,05/12/2026 12:00:00,05/12/2026 16:00:00	,Logo Endel 308 SW,,30,100.0,False,True,14,05/12/2026 12:00:00,05/12/2026 16:00:00	,Logo Zeborne 308 SW,,30,100.0,False,True,14,05/12/2026 12:00:00,05/12/2026 16:00:00	,Logo ADP 308 SW,,30,100.0,False,True,14,05/12/2026 12:00:00,05/12/2026 16:00:00	
				408	408	408	,Logo 408,,30,100.0,False,True,14,05/12/2026 12:00:00,05/12/2026 16:00:00	,Logo Veolia 408,,30,100.0,False,True,14,05/12/2026 12:00:00,05/12/2026 16:00:00	,Logo Endel 408,,30,100.0,False,True,14,05/12/2026 12:00:00,05/12/2026 16:00:00	,Logo Zeborne 408,,30,100.0,False,True,14,05/12/2026 12:00:00,05/12/2026 16:00:00	,Logo ADP 408,,30,100.0,False,True,14,05/12/2026 12:00:00,05/12/2026 16:00:00	
				408 HYBRID	408 HYBRID	408 HYBRID	,Logo 408 HYBRID,,30,100.0,False,True,14,05/12/2026 12:00:00,05/12/2026 16:00:00	,Logo Veolia 408 HYBRID,,30,100.0,False,True,14,05/12/2026 12:00:00,05/12/2026 16:00:00	,Logo Endel 408 HYBRID,,30,100.0,False,True,14,05/12/2026 12:00:00,05/12/2026 16:00:00	,Logo Zeborne 408 HYBRID,,30,100.0,False,True,14,05/12/2026 12:00:00,05/12/2026 16:00:00	,Logo ADP 408 HYBRID,,30,100.0,False,True,14,05/12/2026 12:00:00,05/12/2026 16:00:00	
				5008	5008	5008	,Logo 5008,,30,100.0,False,True,14,05/12/2026 12:00:00,05/12/2026 16:00:00	,Logo Veolia 5008,,30,100.0,False,True,14,05/12/2026 12:00:00,05/12/2026 16:00:00	,Logo Endel 5008,,30,100.0,False,True,14,05/12/2026 12:00:00,05/12/2026 16:00:00	,Logo Zeborne 5008,,30,100.0,False,True,14,05/12/2026 12:00:00,05/12/2026 16:00:00	,Logo ADP 5008,,30,100.0,False,True,14,05/12/2026 12:00:00,05/12/2026 16:00:00	
				5008 HYBRID	5008 HYBRID	5008 HYBRID	,Logo 5008 HYBRID,,30,100.0,False,True,14,05/12/2026 12:00:00,05/12/2026 16:00:00	,Logo Veolia 5008 HYBRID,,30,100.0,False,True,14,05/12/2026 12:00:00,05/12/2026 16:00:00	,Logo Endel 5008 HYBRID,,30,100.0,False,True,14,05/12/2026 12:00:00,05/12/2026 16:00:00	,Logo Zeborne 5008 HYBRID,,30,100.0,False,True,14,05/12/2026 12:00:00,05/12/2026 16:00:00	,Logo ADP 5008 HYBRID,,30,100.0,False,True,14,05/12/2026 12:00:00,05/12/2026 16:00:00	
				ASTRA	ASTRA	ASTRA	,Logo ASTRA,,30,100.0,False,True,14,05/12/2026 12:00:00,05/12/2026 16:00:00	,Logo Veolia ASTRA,,30,100.0,False,True,14,05/12/2026 12:00:00,05/12/2026 16:00:00	,Logo Endel ASTRA,,30,100.0,False,True,14,05/12/2026 12:00:00,05/12/2026 16:00:00	,Logo Zeborne ASTRA,,30,100.0,False,True,14,05/12/2026 12:00:00,05/12/2026 16:00:00	,Logo ADP ASTRA,,30,100.0,False,True,14,05/12/2026 12:00:00,05/12/2026 16:00:00	
				Berlingo	Berlingo	BERLINGO	,Logo BERLINGO,,30,100.0,False,True,14,05/12/2026 12:00:00,05/12/2026 16:00:00	,Logo Veolia BERLINGO,,30,100.0,False,True,14,05/12/2026 12:00:00,05/12/2026 16:00:00	,Logo Endel BERLINGO,,30,100.0,False,True,14,05/12/2026 12:00:00,05/12/2026 16:00:00	,Logo Zeborne BERLINGO,,30,100.0,False,True,14,05/12/2026 12:00:00,05/12/2026 16:00:00	,Logo ADP BERLINGO,,30,100.0,False,True,14,05/12/2026 12:00:00,05/12/2026 16:00:00	
				BOXER	BOXER	BOXER	,Logo BOXER,,30,100.0,False,True,14,05/12/2026 12:00:00,05/12/2026 16:00:00	,Logo Veolia BOXER,,30,100.0,False,True,14,05/12/2026 12:00:00,05/12/2026 16:00:00	,Logo Endel BOXER,,30,100.0,False,True,14,05/12/2026 12:00:00,05/12/2026 16:00:00	,Logo Zeborne BOXER,,30,100.0,False,True,14,05/12/2026 12:00:00,05/12/2026 16:00:00	,Logo ADP BOXER,,30,100.0,False,True,14,05/12/2026 12:00:00,05/12/2026 16:00:00	
				C1	C1	C1	,Logo C1,,30,100.0,False,True,14,05/12/2026 12:00:00,05/12/2026 16:00:00	,Logo Veolia C1,,30,100.0,False,True,14,05/12/2026 12:00:00,05/12/2026 16:00:00	,Logo Endel C1,,30,100.0,False,True,14,05/12/2026 12:00:00,05/12/2026 16:00:00	,Logo Zeborne C1,,30,100.0,False,True,14,05/12/2026 12:00:00,05/12/2026 16:00:00	,Logo ADP C1,,30,100.0,False,True,14,05/12/2026 12:00:00,05/12/2026 16:00:00	
				C3	C3	C3	,Logo C3,,30,100.0,False,True,14,05/12/2026 12:00:00,05/12/2026 16:00:00	,Logo Veolia C3,,30,100.0,False,True,14,05/12/2026 12:00:00,05/12/2026 16:00:00	,Logo Endel C3,,30,100.0,False,True,14,05/12/2026 12:00:00,05/12/2026 16:00:00	,Logo Zeborne C3,,30,100.0,False,True,14,05/12/2026 12:00:00,05/12/2026 16:00:00	,Logo ADP C3,,30,100.0,False,True,14,05/12/2026 12:00:00,05/12/2026 16:00:00	
				C3 AIRCROSS	C3 AIRCROSS	C3 AIRCROSS	,Logo C3 AIRCROSS,,30,100.0,False,True,14,05/12/2026 12:00:00,05/12/2026 16:00:00	,Logo Veolia C3 AIRCROSS,,30,100.0,False,True,14,05/12/2026 12:00:00,05/12/2026 16:00:00	,Logo Endel C3 AIRCROSS,,30,100.0,False,True,14,05/12/2026 12:00:00,05/12/2026 16:00:00	,Logo Zeborne C3 AIRCROSS,,30,100.0,False,True,14,05/12/2026 12:00:00,05/12/2026 16:00:00	,Logo ADP C3 AIRCROSS,,30,100.0,False,True,14,05/12/2026 12:00:00,05/12/2026 16:00:00	
				C4	C4	C4	,Logo C4,,30,100.0,False,True,14,05/12/2026 12:00:00,05/12/2026 16:00:00	,Logo Veolia C4,,30,100.0,False,True,14,05/12/2026 12:00:00,05/12/2026 16:00:00	,Logo Endel C4,,30,100.0,False,True,14,05/12/2026 12:00:00,05/12/2026 16:00:00	,Logo Zeborne C4,,30,100.0,False,True,14,05/12/2026 12:00:00,05/12/2026 16:00:00	,Logo ADP C4,,30,100.0,False,True,14,05/12/2026 12:00:00,05/12/2026 16:00:00	
				C5	C5	C5	,Logo C5,,30,100.0,False,True,14,05/12/2026 12:00:00,05/12/2026 16:00:00	,Logo Veolia C5,,30,100.0,False,True,14,05/12/2026 12:00:00,05/12/2026 16:00:00	,Logo Endel C5,,30,100.0,False,True,14,05/12/2026 12:00:00,05/12/2026 16:00:00	,Logo Zeborne C5,,30,100.0,False,True,14,05/12/2026 12:00:00,05/12/2026 16:00:00	,Logo ADP C5,,30,100.0,False,True,14,05/12/2026 12:00:00,05/12/2026 16:00:00	
				C5 AIRCROSS	C5 AIRCROSS	C5 AIRCROSS	,Logo C5 AIRCROSS,,30,100.0,False,True,14,05/12/2026 12:00:00,05/12/2026 16:00:00	,Logo Veolia C5 AIRCROSS,,30,100.0,False,True,14,05/12/2026 12:00:00,05/12/2026 16:00:00	,Logo Endel C5 AIRCROSS,,30,100.0,False,True,14,05/12/2026 12:00:00,05/12/2026 16:00:00	,Logo Zeborne C5 AIRCROSS,,30,100.0,False,True,14,05/12/2026 12:00:00,05/12/2026 16:00:00	,Logo ADP C5 AIRCROSS,,30,100.0,False,True,14,05/12/2026 12:00:00,05/12/2026 16:00:00	
				C5 X	C5 X	C5 X	,Logo C5 X,,30,100.0,False,True,14,05/12/2026 12:00:00,05/12/2026 16:00:00	,Logo Veolia C5 X,,30,100.0,False,True,14,05/12/2026 12:00:00,05/12/2026 16:00:00	,Logo Endel C5 X,,30,100.0,False,True,14,05/12/2026 12:00:00,05/12/2026 16:00:00	,Logo Zeborne C5 X,,30,100.0,False,True,14,05/12/2026 12:00:00,05/12/2026 16:00:00	,Logo ADP C5 X,,30,100.0,False,True,14,05/12/2026 12:00:00,05/12/2026 16:00:00	
				COMBO	COMBO	COMBO	,Logo COMBO,,30,100.0,False,True,14,05/12/2026 12:00:00,05/12/2026 16:00:00	,Logo Veolia COMBO,,30,100.0,False,True,14,05/12/2026 12:00:00,05/12/2026 16:00:00	,Logo Endel COMBO,,30,100.0,False,True,14,05/12/2026 12:00:00,05/12/2026 16:00:00	,Logo Zeborne COMBO,,30,100.0,False,True,14,05/12/2026 12:00:00,05/12/2026 16:00:00	,Logo ADP COMBO,,30,100.0,False,True,14,05/12/2026 12:00:00,05/12/2026 16:00:00	
				CORSA	CORSA	CORSA	,Logo CORSA,,30,100.0,False,True,14,05/12/2026 12:00:00,05/12/2026 16:00:00	,Logo Veolia CORSA,,30,100.0,False,True,14,05/12/2026 12:00:00,05/12/2026 16:00:00	,Logo Endel CORSA,,30,100.0,False,True,14,05/12/2026 12:00:00,05/12/2026 16:00:00	,Logo Zeborne CORSA,,30,100.0,False,True,14,05/12/2026 12:00:00,05/12/2026 16:00:00	,Logo ADP CORSA,,30,100.0,False,True,14,05/12/2026 12:00:00,05/12/2026 16:00:00	
				DS4	DS4	DS4	,Logo DS4,,30,100.0,False,True,14,05/12/2026 12:00:00,05/12/2026 16:00:00	,Logo Veolia DS4,,30,100.0,False,True,14,05/12/2026 12:00:00,05/12/2026 16:00:00	,Logo Endel DS4,,30,100.0,False,True,14,05/12/2026 12:00:00,05/12/2026 16:00:00	,Logo Zeborne DS4,,30,100.0,False,True,14,05/12/2026 12:00:00,05/12/2026 16:00:00	,Logo ADP DS4,,30,100.0,False,True,14,05/12/2026 12:00:00,05/12/2026 16:00:00	
				DS7 CROSSBACK	DS7 CROSSBACK	DS7 CROSSBACK	,Logo DS7 CROSSBACK,,30,100.0,False,True,14,05/12/2026 12:00:00,05/12/2026 16:00:00	,Logo Veolia DS7 CROSSBACK,,30,100.0,False,True,14,05/12/2026 12:00:00,05/12/2026 16:00:00	,Logo Endel DS7 CROSSBACK,,30,100.0,False,True,14,05/12/2026 12:00:00,05/12/2026 16:00:00	,Logo Zeborne DS7 CROSSBACK,,30,100.0,False,True,14,05/12/2026 12:00:00,05/12/2026 16:00:00	,Logo ADP DS7 CROSSBACK,,30,100.0,False,True,14,05/12/2026 12:00:00,05/12/2026 16:00:00	
				DS8	DS8	DS8	,Logo DS8,,30,100.0,False,True,14,05/12/2026 12:00:00,05/12/2026 16:00:00	,Logo Veolia DS8,,30,100.0,False,True,14,05/12/2026 12:00:00,05/12/2026 16:00:00	,Logo Endel DS8,,30,100.0,False,True,14,05/12/2026 12:00:00,05/12/2026 16:00:00	,Logo Zeborne DS8,,30,100.0,False,True,14,05/12/2026 12:00:00,05/12/2026 16:00:00	,Logo ADP DS8,,30,100.0,False,True,14,05/12/2026 12:00:00,05/12/2026 16:00:00	
				E-2008	E-2008	E-2008	,Logo E-2008,,30,100.0,False,True,14,05/12/2026 12:00:00,05/12/2026 16:00:00	,Logo Veolia E-2008,,30,100.0,False,True,14,05/12/2026 12:00:00,05/12/2026 16:00:00	,Logo Endel E-2008,,30,100.0,False,True,14,05/12/2026 12:00:00,05/12/2026 16:00:00	,Logo Zeborne E-2008,,30,100.0,False,True,14,05/12/2026 12:00:00,05/12/2026 16:00:00	,Logo ADP E-2008,,30,100.0,False,True,14,05/12/2026 12:00:00,05/12/2026 16:00:00	
				E-208	E-208	E-208	,Logo E-208,,30,100.0,False,True,14,05/12/2026 12:00:00,05/12/2026 16:00:00	,Logo Veolia E-208,,30,100.0,False,True,14,05/12/2026 12:00:00,05/12/2026 16:00:00	,Logo Endel E-208,,30,100.0,False,True,14,05/12/2026 12:00:00,05/12/2026 16:00:00	,Logo Zeborne E-208,,30,100.0,False,True,14,05/12/2026 12:00:00,05/12/2026 16:00:00	,Logo ADP E-208,,30,100.0,False,True,14,05/12/2026 12:00:00,05/12/2026 16:00:00	
				E-3008	E-3008	E-3008	,Logo E-3008,,30,100.0,False,True,14,05/12/2026 12:00:00,05/12/2026 16:00:00	,Logo Veolia E-3008,,30,100.0,False,True,14,05/12/2026 12:00:00,05/12/2026 16:00:00	,Logo Endel E-3008,,30,100.0,False,True,14,05/12/2026 12:00:00,05/12/2026 16:00:00	,Logo Zeborne E-3008,,30,100.0,False,True,14,05/12/2026 12:00:00,05/12/2026 16:00:00	,Logo ADP E-3008,,30,100.0,False,True,14,05/12/2026 12:00:00,05/12/2026 16:00:00	
				E-308	E-308	E-308	,Logo E-308,,30,100.0,False,True,14,05/12/2026 12:00:00,05/12/2026 16:00:00	,Logo Veolia E-308,,30,100.0,False,True,14,05/12/2026 12:00:00,05/12/2026 16:00:00	,Logo Endel E-308,,30,100.0,False,True,14,05/12/2026 12:00:00,05/12/2026 16:00:00	,Logo Zeborne E-308,,30,100.0,False,True,14,05/12/2026 12:00:00,05/12/2026 16:00:00	,Logo ADP E-308,,30,100.0,False,True,14,05/12/2026 12:00:00,05/12/2026 16:00:00	
				E-408	E-408	E-408	,Logo E-408,,30,100.0,False,True,14,05/12/2026 12:00:00,05/12/2026 16:00:00	,Logo Veolia E-408,,30,100.0,False,True,14,05/12/2026 12:00:00,05/12/2026 16:00:00	,Logo Endel E-408,,30,100.0,False,True,14,05/12/2026 12:00:00,05/12/2026 16:00:00	,Logo Zeborne E-408,,30,100.0,False,True,14,05/12/2026 12:00:00,05/12/2026 16:00:00	,Logo ADP E-408,,30,100.0,False,True,14,05/12/2026 12:00:00,05/12/2026 16:00:00	
				E-5008	E-5008	E-5008	,Logo E-5008,,30,100.0,False,True,14,05/12/2026 12:00:00,05/12/2026 16:00:00	,Logo Veolia E-5008,,30,100.0,False,True,14,05/12/2026 12:00:00,05/12/2026 16:00:00	,Logo Endel E-5008,,30,100.0,False,True,14,05/12/2026 12:00:00,05/12/2026 16:00:00	,Logo Zeborne E-5008,,30,100.0,False,True,14,05/12/2026 12:00:00,05/12/2026 16:00:00	,Logo ADP E-5008,,30,100.0,False,True,14,05/12/2026 12:00:00,05/12/2026 16:00:00	
				E-BERLINGO	E-BERLINGO	E-BERLINGO	,Logo E-BERLINGO,,30,100.0,False,True,14,05/12/2026 12:00:00,05/12/2026 16:00:00	,Logo Veolia E-BERLINGO,,30,100.0,False,True,14,05/12/2026 12:00:00,05/12/2026 16:00:00	,Logo Endel E-BERLINGO,,30,100.0,False,True,14,05/12/2026 12:00:00,05/12/2026 16:00:00	,Logo Zeborne E-BERLINGO,,30,100.0,False,True,14,05/12/2026 12:00:00,05/12/2026 16:00:00	,Logo ADP E-BERLINGO,,30,100.0,False,True,14,05/12/2026 12:00:00,05/12/2026 16:00:00	
				E-C3	E-C3	E-C3	,Logo E-C3,,30,100.0,False,True,14,05/12/2026 12:00:00,05/12/2026 16:00:00	,Logo Veolia E-C3,,30,100.0,False,True,14,05/12/2026 12:00:00,05/12/2026 16:00:00	,Logo Endel E-C3,,30,100.0,False,True,14,05/12/2026 12:00:00,05/12/2026 16:00:00	,Logo Zeborne E-C3,,30,100.0,False,True,14,05/12/2026 12:00:00,05/12/2026 16:00:00	,Logo ADP E-C3,,30,100.0,False,True,14,05/12/2026 12:00:00,05/12/2026 16:00:00	
				E-C3 AIRCROSS	E-C3 AIRCROSS	E-C3 AIRCROSS	,Logo E-C3 AIRCROSS,,30,100.0,False,True,14,05/12/2026 12:00:00,05/12/2026 16:00:00	,Logo Veolia E-C3 AIRCROSS,,30,100.0,False,True,14,05/12/2026 12:00:00,05/12/2026 16:00:00	,Logo Endel E-C3 AIRCROSS,,30,100.0,False,True,14,05/12/2026 12:00:00,05/12/2026 16:00:00	,Logo Zeborne E-C3 AIRCROSS,,30,100.0,False,True,14,05/12/2026 12:00:00,05/12/2026 16:00:00	,Logo ADP E-C3 AIRCROSS,,30,100.0,False,True,14,05/12/2026 12:00:00,05/12/2026 16:00:00	
				E-C4	E-C4	E-C4	,Logo E-C4,,30,100.0,False,True,14,05/12/2026 12:00:00,05/12/2026 16:00:00	,Logo Veolia E-C4,,30,100.0,False,True,14,05/12/2026 12:00:00,05/12/2026 16:00:00	,Logo Endel E-C4,,30,100.0,False,True,14,05/12/2026 12:00:00,05/12/2026 16:00:00	,Logo Zeborne E-C4,,30,100.0,False,True,14,05/12/2026 12:00:00,05/12/2026 16:00:00	,Logo ADP E-C4,,30,100.0,False,True,14,05/12/2026 12:00:00,05/12/2026 16:00:00	
				E-C5	E-C5	E-C5	,Logo E-C5,,30,100.0,False,True,14,05/12/2026 12:00:00,05/12/2026 16:00:00	,Logo Veolia E-C5,,30,100.0,False,True,14,05/12/2026 12:00:00,05/12/2026 16:00:00	,Logo Endel E-C5,,30,100.0,False,True,14,05/12/2026 12:00:00,05/12/2026 16:00:00	,Logo Zeborne E-C5,,30,100.0,False,True,14,05/12/2026 12:00:00,05/12/2026 16:00:00	,Logo ADP E-C5,,30,100.0,False,True,14,05/12/2026 12:00:00,05/12/2026 16:00:00	
				E-C5 AIRCROSS	E-C5 AIRCROSS	E-C5 AIRCROSS	,Logo E-C5 AIRCROSS,,30,100.0,False,True,14,05/12/2026 12:00:00,05/12/2026 16:00:00	,Logo Veolia E-C5 AIRCROSS,,30,100.0,False,True,14,05/12/2026 12:00:00,05/12/2026 16:00:00	,Logo Endel E-C5 AIRCROSS,,30,100.0,False,True,14,05/12/2026 12:00:00,05/12/2026 16:00:00	,Logo Zeborne E-C5 AIRCROSS,,30,100.0,False,True,14,05/12/2026 12:00:00,05/12/2026 16:00:00	,Logo ADP E-C5 AIRCROSS,,30,100.0,False,True,14,05/12/2026 12:00:00,05/12/2026 16:00:00	
				E-EXPERT	E-EXPERT	E-EXPERT	,Logo E-EXPERT,,30,100.0,False,True,14,05/12/2026 12:00:00,05/12/2026 16:00:00	,Logo Veolia E-EXPERT,,30,100.0,False,True,14,05/12/2026 12:00:00,05/12/2026 16:00:00	,Logo Endel E-EXPERT,,30,100.0,False,True,14,05/12/2026 12:00:00,05/12/2026 16:00:00	,Logo Zeborne E-EXPERT,,30,100.0,False,True,14,05/12/2026 12:00:00,05/12/2026 16:00:00	,Logo ADP E-EXPERT,,30,100.0,False,True,14,05/12/2026 12:00:00,05/12/2026 16:00:00	
				E-JUMPER	E-JUMPER	E-JUMPER	,Logo E-JUMPER,,30,100.0,False,True,14,05/12/2026 12:00:00,05/12/2026 16:00:00	,Logo Veolia E-JUMPER,,30,100.0,False,True,14,05/12/2026 12:00:00,05/12/2026 16:00:00	,Logo Endel E-JUMPER,,30,100.0,False,True,14,05/12/2026 12:00:00,05/12/2026 16:00:00	,Logo Zeborne E-JUMPER,,30,100.0,False,True,14,05/12/2026 12:00:00,05/12/2026 16:00:00	,Logo ADP E-JUMPER,,30,100.0,False,True,14,05/12/2026 12:00:00,05/12/2026 16:00:00	
				E-JUMPY	E-JUMPY	E-JUMPY	,Logo E-JUMPY,,30,100.0,False,True,14,05/12/2026 12:00:00,05/12/2026 16:00:00	,Logo Veolia E-JUMPY,,30,100.0,False,True,14,05/12/2026 12:00:00,05/12/2026 16:00:00	,Logo Endel E-JUMPY,,30,100.0,False,True,14,05/12/2026 12:00:00,05/12/2026 16:00:00	,Logo Zeborne E-JUMPY,,30,100.0,False,True,14,05/12/2026 12:00:00,05/12/2026 16:00:00	,Logo ADP E-JUMPY,,30,100.0,False,True,14,05/12/2026 12:00:00,05/12/2026 16:00:00	
				E-PARTNER	E-PARTNER	E-PARTNER	,Logo E-PARTNER,,30,100.0,False,True,14,05/12/2026 12:00:00,05/12/2026 16:00:00	,Logo Veolia E-PARTNER,,30,100.0,False,True,14,05/12/2026 12:00:00,05/12/2026 16:00:00	,Logo Endel E-PARTNER,,30,100.0,False,True,14,05/12/2026 12:00:00,05/12/2026 16:00:00	,Logo Zeborne E-PARTNER,,30,100.0,False,True,14,05/12/2026 12:00:00,05/12/2026 16:00:00	,Logo ADP E-PARTNER,,30,100.0,False,True,14,05/12/2026 12:00:00,05/12/2026 16:00:00	
				E-TRAVELLER	E-TRAVELLER	E-TRAVELLER	,Logo E-TRAVELLER,,30,100.0,False,True,14,05/12/2026 12:00:00,05/12/2026 16:00:00	,Logo Veolia E-TRAVELLER,,30,100.0,False,True,14,05/12/2026 12:00:00,05/12/2026 16:00:00	,Logo Endel E-TRAVELLER,,30,100.0,False,True,14,05/12/2026 12:00:00,05/12/2026 16:00:00	,Logo Zeborne E-TRAVELLER,,30,100.0,False,True,14,05/12/2026 12:00:00,05/12/2026 16:00:00	,Logo ADP E-TRAVELLER,,30,100.0,False,True,14,05/12/2026 12:00:00,05/12/2026 16:00:00	
				EXPERT	EXPERT	EXPERT	,Logo EXPERT,,30,100.0,False,True,14,05/12/2026 12:00:00,05/12/2026 16:00:00	,Logo Veolia EXPERT,,30,100.0,False,True,14,05/12/2026 12:00:00,05/12/2026 16:00:00	,Logo Endel EXPERT,,30,100.0,False,True,14,05/12/2026 12:00:00,05/12/2026 16:00:00	,Logo Zeborne EXPERT,,30,100.0,False,True,14,05/12/2026 12:00:00,05/12/2026 16:00:00	,Logo ADP EXPERT,,30,100.0,False,True,14,05/12/2026 12:00:00,05/12/2026 16:00:00	
				FIAT DUCATO	FIAT DUCATO	FIAT DUCATO	,Logo FIAT DUCATO,,30,100.0,False,True,14,05/12/2026 12:00:00,05/12/2026 16:00:00	,Logo Veolia FIAT DUCATO,,30,100.0,False,True,14,05/12/2026 12:00:00,05/12/2026 16:00:00	,Logo Endel FIAT DUCATO,,30,100.0,False,True,14,05/12/2026 12:00:00,05/12/2026 16:00:00	,Logo Zeborne FIAT DUCATO,,30,100.0,False,True,14,05/12/2026 12:00:00,05/12/2026 16:00:00	,Logo ADP FIAT DUCATO,,30,100.0,False,True,14,05/12/2026 12:00:00,05/12/2026 16:00:00	
				FIAT SCUDO	FIAT SCUDO	FIAT SCUDO	,Logo FIAT SCUDO,,30,100.0,False,True,14,05/12/2026 12:00:00,05/12/2026 16:00:00	,Logo Veolia FIAT SCUDO,,30,100.0,False,True,14,05/12/2026 12:00:00,05/12/2026 16:00:00	,Logo Endel FIAT SCUDO,,30,100.0,False,True,14,05/12/2026 12:00:00,05/12/2026 16:00:00	,Logo Zeborne FIAT SCUDO,,30,100.0,False,True,14,05/12/2026 12:00:00,05/12/2026 16:00:00	,Logo ADP FIAT SCUDO,,30,100.0,False,True,14,05/12/2026 12:00:00,05/12/2026 16:00:00	
				FRONTERA	FRONTERA	FRONTERA	,Logo FRONTERA,,30,100.0,False,True,14,05/12/2026 12:00:00,05/12/2026 16:00:00	,Logo Veolia FRONTERA,,30,100.0,False,True,14,05/12/2026 12:00:00,05/12/2026 16:00:00	,Logo Endel FRONTERA,,30,100.0,False,True,14,05/12/2026 12:00:00,05/12/2026 16:00:00	,Logo Zeborne FRONTERA,,30,100.0,False,True,14,05/12/2026 12:00:00,05/12/2026 16:00:00	,Logo ADP FRONTERA,,30,100.0,False,True,14,05/12/2026 12:00:00,05/12/2026 16:00:00	
				GRANDLAND	GRANDLAND	GRANDLAND	,Logo GRANDLAND,,30,100.0,False,True,14,05/12/2026 12:00:00,05/12/2026 16:00:00	,Logo Veolia GRANDLAND,,30,100.0,False,True,14,05/12/2026 12:00:00,05/12/2026 16:00:00	,Logo Endel GRANDLAND,,30,100.0,False,True,14,05/12/2026 12:00:00,05/12/2026 16:00:00	,Logo Zeborne GRANDLAND,,30,100.0,False,True,14,05/12/2026 12:00:00,05/12/2026 16:00:00	,Logo ADP GRANDLAND,,30,100.0,False,True,14,05/12/2026 12:00:00,05/12/2026 16:00:00	
				JUMPER	JUMPER	JUMPER	,Logo JUMPER,,30,100.0,False,True,14,05/12/2026 12:00:00,05/12/2026 16:00:00	,Logo Veolia JUMPER,,30,100.0,False,True,14,05/12/2026 12:00:00,05/12/2026 16:00:00	,Logo Endel JUMPER,,30,100.0,False,True,14,05/12/2026 12:00:00,05/12/2026 16:00:00	,Logo Zeborne JUMPER,,30,100.0,False,True,14,05/12/2026 12:00:00,05/12/2026 16:00:00	,Logo ADP JUMPER,,30,100.0,False,True,14,05/12/2026 12:00:00,05/12/2026 16:00:00	
				Jumpy	Jumpy	JUMPY	,Logo JUMPY,,30,100.0,False,True,14,05/12/2026 12:00:00,05/12/2026 16:00:00	,Logo Veolia JUMPY,,30,100.0,False,True,14,05/12/2026 12:00:00,05/12/2026 16:00:00	,Logo Endel JUMPY,,30,100.0,False,True,14,05/12/2026 12:00:00,05/12/2026 16:00:00	,Logo Zeborne JUMPY,,30,100.0,False,True,14,05/12/2026 12:00:00,05/12/2026 16:00:00	,Logo ADP JUMPY,,30,100.0,False,True,14,05/12/2026 12:00:00,05/12/2026 16:00:00	
				MOKKA	MOKKA	MOKKA	,Logo MOKKA,,30,100.0,False,True,14,05/12/2026 12:00:00,05/12/2026 16:00:00	,Logo Veolia MOKKA,,30,100.0,False,True,14,05/12/2026 12:00:00,05/12/2026 16:00:00	,Logo Endel MOKKA,,30,100.0,False,True,14,05/12/2026 12:00:00,05/12/2026 16:00:00	,Logo Zeborne MOKKA,,30,100.0,False,True,14,05/12/2026 12:00:00,05/12/2026 16:00:00	,Logo ADP MOKKA,,30,100.0,False,True,14,05/12/2026 12:00:00,05/12/2026 16:00:00	
				MOVANO	MOVANO	MOVANO	,Logo MOVANO,,30,100.0,False,True,14,05/12/2026 12:00:00,05/12/2026 16:00:00	,Logo Veolia MOVANO,,30,100.0,False,True,14,05/12/2026 12:00:00,05/12/2026 16:00:00	,Logo Endel MOVANO,,30,100.0,False,True,14,05/12/2026 12:00:00,05/12/2026 16:00:00	,Logo Zeborne MOVANO,,30,100.0,False,True,14,05/12/2026 12:00:00,05/12/2026 16:00:00	,Logo ADP MOVANO,,30,100.0,False,True,14,05/12/2026 12:00:00,05/12/2026 16:00:00	
				OPEL VIVARO	OPEL VIVARO	OPEL VIVARO	,Logo OPEL VIVARO,,30,100.0,False,True,14,05/12/2026 12:00:00,05/12/2026 16:00:00	,Logo Veolia OPEL VIVARO,,30,100.0,False,True,14,05/12/2026 12:00:00,05/12/2026 16:00:00	,Logo Endel OPEL VIVARO,,30,100.0,False,True,14,05/12/2026 12:00:00,05/12/2026 16:00:00	,Logo Zeborne OPEL VIVARO,,30,100.0,False,True,14,05/12/2026 12:00:00,05/12/2026 16:00:00	,Logo ADP OPEL VIVARO,,30,100.0,False,True,14,05/12/2026 12:00:00,05/12/2026 16:00:00	
				PARTNER	PARTNER	PARTNER	,Logo PARTNER,,30,100.0,False,True,14,05/12/2026 12:00:00,05/12/2026 16:00:00	,Logo Veolia PARTNER,,30,100.0,False,True,14,05/12/2026 12:00:00,05/12/2026 16:00:00	,Logo Endel PARTNER,,30,100.0,False,True,14,05/12/2026 12:00:00,05/12/2026 16:00:00	,Logo Zeborne PARTNER,,30,100.0,False,True,14,05/12/2026 12:00:00,05/12/2026 16:00:00	,Logo ADP PARTNER,,30,100.0,False,True,14,05/12/2026 12:00:00,05/12/2026 16:00:00	
				SCUDO	SCUDO	SCUDO	,Logo SCUDO,,30,100.0,False,True,14,05/12/2026 12:00:00,05/12/2026 16:00:00	,Logo Veolia SCUDO,,30,100.0,False,True,14,05/12/2026 12:00:00,05/12/2026 16:00:00	,Logo Endel SCUDO,,30,100.0,False,True,14,05/12/2026 12:00:00,05/12/2026 16:00:00	,Logo Zeborne SCUDO,,30,100.0,False,True,14,05/12/2026 12:00:00,05/12/2026 16:00:00	,Logo ADP SCUDO,,30,100.0,False,True,14,05/12/2026 12:00:00,05/12/2026 16:00:00	
				SPACETOURER	SPACETOURER	SPACETOURER	,Logo SPACETOURER,,30,100.0,False,True,14,05/12/2026 12:00:00,05/12/2026 16:00:00	,Logo Veolia SPACETOURER,,30,100.0,False,True,14,05/12/2026 12:00:00,05/12/2026 16:00:00	,Logo Endel SPACETOURER,,30,100.0,False,True,14,05/12/2026 12:00:00,05/12/2026 16:00:00	,Logo Zeborne SPACETOURER,,30,100.0,False,True,14,05/12/2026 12:00:00,05/12/2026 16:00:00	,Logo ADP SPACETOURER,,30,100.0,False,True,14,05/12/2026 12:00:00,05/12/2026 16:00:00	
				TRAVELLER	TRAVELLER	TRAVELLER	,Logo TRAVELLER,,30,100.0,False,True,14,05/12/2026 12:00:00,05/12/2026 16:00:00	,Logo Veolia TRAVELLER,,30,100.0,False,True,14,05/12/2026 12:00:00,05/12/2026 16:00:00	,Logo Endel TRAVELLER,,30,100.0,False,True,14,05/12/2026 12:00:00,05/12/2026 16:00:00	,Logo Zeborne TRAVELLER,,30,100.0,False,True,14,05/12/2026 12:00:00,05/12/2026 16:00:00	,Logo ADP TRAVELLER,,30,100.0,False,True,14,05/12/2026 12:00:00,05/12/2026 16:00:00	
				VIVARO	VIVARO	VIVARO	,Logo VIVARO,,30,100.0,False,True,14,05/12/2026 12:00:00,05/12/2026 16:00:00	,Logo Veolia VIVARO,,30,100.0,False,True,14,05/12/2026 12:00:00,05/12/2026 16:00:00	,Logo Endel VIVARO,,30,100.0,False,True,14,05/12/2026 12:00:00,05/12/2026 16:00:00	,Logo Zeborne VIVARO,,30,100.0,False,True,14,05/12/2026 12:00:00,05/12/2026 16:00:00	,Logo ADP VIVARO,,30,100.0,False,True,14,05/12/2026 12:00:00,05/12/2026 16:00:00	
				0	0	0						
